INSERT [dbo].[TACGIA] ([MATACGIA], [TENTACGIA]) VALUES (N'TG001 ', N'Vãn Tình')
INSERT [dbo].[TACGIA] ([MATACGIA], [TENTACGIA]) VALUES (N'TG002 ', N'Lê Hoàng Ngọc Diễm')
INSERT [dbo].[TACGIA] ([MATACGIA], [TENTACGIA]) VALUES (N'TG003 ', N'Lê Chu Cầu')
INSERT [dbo].[TACGIA] ([MATACGIA], [TENTACGIA]) VALUES (N'TG004 ', N'Nhóm Hà Nội Tri Thức')
INSERT [dbo].[TACGIA] ([MATACGIA], [TENTACGIA]) VALUES (N'TG005 ', N'Tây Mông')
INSERT [dbo].[TACGIA] ([MATACGIA], [TENTACGIA]) VALUES (N'TG006 ', N'Vũ Điền')
INSERT [dbo].[TACGIA] ([MATACGIA], [TENTACGIA]) VALUES (N'TG007 ', N'Dương Thị Hoa')
INSERT [dbo].[TACGIA] ([MATACGIA], [TENTACGIA]) VALUES (N'TG008 ', N'Tân Di Ổ')
INSERT [dbo].[TACGIA] ([MATACGIA], [TENTACGIA]) VALUES (N'TG009 ', N'Dưa Hấu Hạt Tím')
INSERT [dbo].[TACGIA] ([MATACGIA], [TENTACGIA]) VALUES (N'TG010 ', N'Nguyễn Ngoan')
INSERT [dbo].[TACGIA] ([MATACGIA], [TENTACGIA]) VALUES (N'TG011 ', N'Fujuko F. Fujio')
INSERT [dbo].[TACGIA] ([MATACGIA], [TENTACGIA]) VALUES (N'TG012 ', N'Huy Cận')
INSERT [dbo].[TACGIA] ([MATACGIA], [TENTACGIA]) VALUES (N'TG013 ', N'Uông Triều')
INSERT [dbo].[TACGIA] ([MATACGIA], [TENTACGIA]) VALUES (N'TG014 ', N'Nguyễn Trương Quý')
GO
INSERT [dbo].[LOAISACH] ([MALOAISACH], [TENLOAISACH]) VALUES (N'LS1   ', N'Tâm Lí')
INSERT [dbo].[LOAISACH] ([MALOAISACH], [TENLOAISACH]) VALUES (N'LS2   ', N'Tình cảm')
INSERT [dbo].[LOAISACH] ([MALOAISACH], [TENLOAISACH]) VALUES (N'LS3   ', N'Truyện Tranh')
INSERT [dbo].[LOAISACH] ([MALOAISACH], [TENLOAISACH]) VALUES (N'LS4   ', N'Văn học')
INSERT [dbo].[LOAISACH] ([MALOAISACH], [TENLOAISACH]) VALUES (N'LS5   ', N'Kinh tế')
INSERT [dbo].[LOAISACH] ([MALOAISACH], [TENLOAISACH]) VALUES (N'LS6   ', N'Viễn tưởng')
GO
INSERT [dbo].[NXB] ([MA_NXB], [TEN_NXB], [NAM_NXB]) VALUES (N'XB001 ', N'Dân Trí', CAST(N'2020-07-16' AS Date))
INSERT [dbo].[NXB] ([MA_NXB], [TEN_NXB], [NAM_NXB]) VALUES (N'XB002 ', N'Thanh Niên', CAST(N'2021-08-23' AS Date))
INSERT [dbo].[NXB] ([MA_NXB], [TEN_NXB], [NAM_NXB]) VALUES (N'XB003 ', N'Thế Giới', CAST(N'2021-09-08' AS Date))
INSERT [dbo].[NXB] ([MA_NXB], [TEN_NXB], [NAM_NXB]) VALUES (N'XB004 ', N'Lao Động', CAST(N'2019-06-05' AS Date))
INSERT [dbo].[NXB] ([MA_NXB], [TEN_NXB], [NAM_NXB]) VALUES (N'XB005 ', N'Kim Đồng', CAST(N'2022-08-06' AS Date))
INSERT [dbo].[NXB] ([MA_NXB], [TEN_NXB], [NAM_NXB]) VALUES (N'XB006 ', N'Hà Nội', CAST(N'2019-03-03' AS Date))
INSERT [dbo].[NXB] ([MA_NXB], [TEN_NXB], [NAM_NXB]) VALUES (N'XB007 ', N'Hội Nhà Văn', CAST(N'2020-02-02' AS Date))
GO
INSERT [dbo].[SACH] ([MASACH], [TENSACH], [MALOAISACH], [MA_NXB], [GIACA], [SOLUONG], [HINHTHUCBIA]) VALUES (N'A001  ', N'Tâm lí học về tiền', N'LS1   ', N'XB001 ', 113000.0000, N'11        ', N'bìa mềm')
INSERT [dbo].[SACH] ([MASACH], [TENSACH], [MALOAISACH], [MA_NXB], [GIACA], [SOLUONG], [HINHTHUCBIA]) VALUES (N'A002  ', N'Trí tuệ làm giàu của người Do Thái', N'LS1   ', N'XB001 ', 88000.0000, N'22        ', N'bìa mềm')
INSERT [dbo].[SACH] ([MASACH], [TENSACH], [MALOAISACH], [MA_NXB], [GIACA], [SOLUONG], [HINHTHUCBIA]) VALUES (N'A003  ', N'Thanh xuân nổ lực để vươn xa ', N'LS3   ', N'XB002 ', 79000.0000, N'33        ', N'Bìa mềm')
INSERT [dbo].[SACH] ([MASACH], [TENSACH], [MALOAISACH], [MA_NXB], [GIACA], [SOLUONG], [HINHTHUCBIA]) VALUES (N'A004  ', N'Đô-rê-mon', N'LS3   ', N'XB005 ', 27500.0000, N'30        ', N'bìa cứng')
INSERT [dbo].[SACH] ([MASACH], [TENSACH], [MALOAISACH], [MA_NXB], [GIACA], [SOLUONG], [HINHTHUCBIA]) VALUES (N'A005  ', N'Chuyện người hà nội', N'LS4   ', N'XB006 ', 173000.0000, N'49        ', N'bìa cứng')
INSERT [dbo].[SACH] ([MASACH], [TENSACH], [MALOAISACH], [MA_NXB], [GIACA], [SOLUONG], [HINHTHUCBIA]) VALUES (N'A006  ', N'Hai bàn tay em', N'LS3   ', N'XB005 ', 61750.0000, N'60        ', N'bìa mềm')
INSERT [dbo].[SACH] ([MASACH], [TENSACH], [MALOAISACH], [MA_NXB], [GIACA], [SOLUONG], [HINHTHUCBIA]) VALUES (N'A007  ', N'Cuộc sống bí mật của nhà văn', N'LS2   ', N'XB007 ', 102000.0000, N'10        ', N'bìa mềm')
INSERT [dbo].[SACH] ([MASACH], [TENSACH], [MALOAISACH], [MA_NXB], [GIACA], [SOLUONG], [HINHTHUCBIA]) VALUES (N'A008  ', N'Thế giới rộng lớn lòng ngườ chật hẹp', N'LS2   ', N'XB003 ', 73000.0000, N'8         ', N'bìa mềm')
INSERT [dbo].[SACH] ([MASACH], [TENSACH], [MALOAISACH], [MA_NXB], [GIACA], [SOLUONG], [HINHTHUCBIA]) VALUES (N'A009  ', N'Thế giới mạng lưới', N'LS5   ', N'XB001 ', 80000.0000, N'7         ', N'bìa cứng')
INSERT [dbo].[SACH] ([MASACH], [TENSACH], [MALOAISACH], [MA_NXB], [GIACA], [SOLUONG], [HINHTHUCBIA]) VALUES (N'A010  ', N'Niềm vui của việc ngừng lao động', N'LS6   ', N'XB004 ', 151000.0000, N'10        ', N'Bìa mềm')
GO
INSERT [dbo].[SACH_TACGIA] ([MASACH], [MATACGIA]) VALUES (N'A001  ', N'TG001 ')
INSERT [dbo].[SACH_TACGIA] ([MASACH], [MATACGIA]) VALUES (N'A002  ', N'TG005 ')
INSERT [dbo].[SACH_TACGIA] ([MASACH], [MATACGIA]) VALUES (N'A003  ', N'TG002 ')
INSERT [dbo].[SACH_TACGIA] ([MASACH], [MATACGIA]) VALUES (N'A004  ', N'TG011 ')
INSERT [dbo].[SACH_TACGIA] ([MASACH], [MATACGIA]) VALUES (N'A005  ', N'TG004 ')
INSERT [dbo].[SACH_TACGIA] ([MASACH], [MATACGIA]) VALUES (N'A006  ', N'TG007 ')
INSERT [dbo].[SACH_TACGIA] ([MASACH], [MATACGIA]) VALUES (N'A007  ', N'TG003 ')
INSERT [dbo].[SACH_TACGIA] ([MASACH], [MATACGIA]) VALUES (N'A008  ', N'TG006 ')
INSERT [dbo].[SACH_TACGIA] ([MASACH], [MATACGIA]) VALUES (N'A009  ', N'TG008 ')
INSERT [dbo].[SACH_TACGIA] ([MASACH], [MATACGIA]) VALUES (N'A010  ', N'TG009 ')
GO
INSERT [dbo].[KHACHHANG] ([MAKH], [Ho], [TEN], [GIOITINH], [Sdt], [Diachi]) VALUES (N'KH01', N'Nguyễn Kim', N'Anh', N'nữ', N'0903041456', N'8 Nguyễn Văn Tráng Quận 1')
INSERT [dbo].[KHACHHANG] ([MAKH], [Ho], [TEN], [GIOITINH], [Sdt], [Diachi]) VALUES (N'KH02', N'Ngô Thị', N'Linh', N'nữ', N'0901151324', N'10 Nguyễn Trãi Quận 5')
INSERT [dbo].[KHACHHANG] ([MAKH], [Ho], [TEN], [GIOITINH], [Sdt], [Diachi]) VALUES (N'KH03', N'Nguyễn Kim', N'Liên', N'nữ', N'0907892345', N'34 Ngô Quyền Quận 5')
INSERT [dbo].[KHACHHANG] ([MAKH], [Ho], [TEN], [GIOITINH], [Sdt], [Diachi]) VALUES (N'KH04', N'Trần Mai', N'Anh', N'nữ', N'0904567891', N'23 Đồng Khởi Quận 1')
INSERT [dbo].[KHACHHANG] ([MAKH], [Ho], [TEN], [GIOITINH], [Sdt], [Diachi]) VALUES (N'KH05', N'Trần Anh', N'Huy', N'nam', N'0908671234', N'76 Lê Lai Quận 1')
INSERT [dbo].[KHACHHANG] ([MAKH], [Ho], [TEN], [GIOITINH], [Sdt], [Diachi]) VALUES (N'KH06', N'Nguyễn ', N'Quang', N'nam', N'0905678234', N'56 Võ Văn Tần Quận 3')
INSERT [dbo].[KHACHHANG] ([MAKH], [Ho], [TEN], [GIOITINH], [Sdt], [Diachi]) VALUES (N'KH07', N'Lê ', N'Hương', N'nữ', N'0908567234', N'76 Xô Viết Nghệ Tĩnh Quận Bình Thạnh')
GO
INSERT [dbo].[NHANVIEN] ([MANV], [HO], [TEN], [SDT], [NGAYSINH], [GIOITINH]) VALUES (N'NV01      ', N'Bùi Thị', N'An', N'0988987632', CAST(N'1998-07-15T00:00:00.000' AS DateTime), N'nữ')
INSERT [dbo].[NHANVIEN] ([MANV], [HO], [TEN], [SDT], [NGAYSINH], [GIOITINH]) VALUES (N'NV02      ', N'Lê Nguyên', N'Trân', N'0965111987', CAST(N'1998-06-07T00:00:00.000' AS DateTime), N'nữ')
INSERT [dbo].[NHANVIEN] ([MANV], [HO], [TEN], [SDT], [NGAYSINH], [GIOITINH]) VALUES (N'NV03      ', N'Lê Quốc', N'Anh', N'0988654890', CAST(N'1996-04-13T00:00:00.000' AS DateTime), N'nam')
INSERT [dbo].[NHANVIEN] ([MANV], [HO], [TEN], [SDT], [NGAYSINH], [GIOITINH]) VALUES (N'NV04      ', N'Châu Mỹ', N'Phương', N'0867177890', CAST(N'1999-04-13T00:00:00.000' AS DateTime), N'nữ')
INSERT [dbo].[NHANVIEN] ([MANV], [HO], [TEN], [SDT], [NGAYSINH], [GIOITINH]) VALUES (N'NV05      ', N'Trần Văn ', N'Long', N'0876891200', CAST(N'1999-06-06T00:00:00.000' AS DateTime), N'nam')
INSERT [dbo].[NHANVIEN] ([MANV], [HO], [TEN], [SDT], [NGAYSINH], [GIOITINH]) VALUES (N'NV06      ', N'Nguyễn', N'Hải', N'0789123098', CAST(N'1997-09-17T00:00:00.000' AS DateTime), N'nam')
INSERT [dbo].[NHANVIEN] ([MANV], [HO], [TEN], [SDT], [NGAYSINH], [GIOITINH]) VALUES (N'NV07      ', N'Vũ', N'Hải', N'0867182279', CAST(N'1990-03-08T00:00:00.000' AS DateTime), N'nam')
GO
INSERT [dbo].[HOADON] ([MAHD], [MAKH], [MANV], [NGAYMUA], [TONGCONG]) VALUES (N'HD01    ', N'KH01', N'NV04      ', CAST(N'2022-06-12' AS Date), 314000.0000)
INSERT [dbo].[HOADON] ([MAHD], [MAKH], [MANV], [NGAYMUA], [TONGCONG]) VALUES (N'HD02    ', N'KH02', N'NV03      ', CAST(N'2022-03-24' AS Date), 705000.0000)
INSERT [dbo].[HOADON] ([MAHD], [MAKH], [MANV], [NGAYMUA], [TONGCONG]) VALUES (N'HD03    ', N'KH06', N'NV07      ', CAST(N'2022-05-23' AS Date), 173000.0000)
INSERT [dbo].[HOADON] ([MAHD], [MAKH], [MANV], [NGAYMUA], [TONGCONG]) VALUES (N'HD04    ', N'KH01', N'NV03      ', CAST(N'2022-03-02' AS Date), 183000.0000)
INSERT [dbo].[HOADON] ([MAHD], [MAKH], [MANV], [NGAYMUA], [TONGCONG]) VALUES (N'HD05    ', N'KH03', N'NV01      ', CAST(N'2022-04-03' AS Date), 1323000.0000)
INSERT [dbo].[HOADON] ([MAHD], [MAKH], [MANV], [NGAYMUA], [TONGCONG]) VALUES (N'HD06    ', N'KH04', N'NV02      ', CAST(N'2022-04-03' AS Date), 181000.0000)
INSERT [dbo].[HOADON] ([MAHD], [MAKH], [MANV], [NGAYMUA], [TONGCONG]) VALUES (N'HD07    ', N'KH07', N'NV05      ', CAST(N'2022-05-04' AS Date), 55000.0000)
INSERT [dbo].[HOADON] ([MAHD], [MAKH], [MANV], [NGAYMUA], [TONGCONG]) VALUES (N'HD08    ', N'KH04', N'NV06      ', CAST(N'2022-05-02' AS Date), 1235000.0000)
GO
INSERT [dbo].[CHITIETHOADON] ([MASACH], [MAHD], [SOLUONG], [THANHTIEN]) VALUES (N'A001  ', N'HD01    ', 2, 226000.0000)
INSERT [dbo].[CHITIETHOADON] ([MASACH], [MAHD], [SOLUONG], [THANHTIEN]) VALUES (N'A002  ', N'HD01    ', 1, 88000.0000)
INSERT [dbo].[CHITIETHOADON] ([MASACH], [MAHD], [SOLUONG], [THANHTIEN]) VALUES (N'A002  ', N'HD05    ', 1, 88000.0000)
INSERT [dbo].[CHITIETHOADON] ([MASACH], [MAHD], [SOLUONG], [THANHTIEN]) VALUES (N'A003  ', N'HD02    ', 1, 79000.0000)
INSERT [dbo].[CHITIETHOADON] ([MASACH], [MAHD], [SOLUONG], [THANHTIEN]) VALUES (N'A003  ', N'HD06    ', 1, 79000.0000)
INSERT [dbo].[CHITIETHOADON] ([MASACH], [MAHD], [SOLUONG], [THANHTIEN]) VALUES (N'A004  ', N'HD04    ', 4, 110000.0000)
INSERT [dbo].[CHITIETHOADON] ([MASACH], [MAHD], [SOLUONG], [THANHTIEN]) VALUES (N'A004  ', N'HD07    ', 2, 55000.0000)
INSERT [dbo].[CHITIETHOADON] ([MASACH], [MAHD], [SOLUONG], [THANHTIEN]) VALUES (N'A005  ', N'HD02    ', 1, 173000.0000)
INSERT [dbo].[CHITIETHOADON] ([MASACH], [MAHD], [SOLUONG], [THANHTIEN]) VALUES (N'A005  ', N'HD03    ', 1, 173000.0000)
INSERT [dbo].[CHITIETHOADON] ([MASACH], [MAHD], [SOLUONG], [THANHTIEN]) VALUES (N'A006  ', N'HD05    ', 2, 1235000.0000)
INSERT [dbo].[CHITIETHOADON] ([MASACH], [MAHD], [SOLUONG], [THANHTIEN]) VALUES (N'A006  ', N'HD08    ', 2, 1235000.0000)
INSERT [dbo].[CHITIETHOADON] ([MASACH], [MAHD], [SOLUONG], [THANHTIEN]) VALUES (N'A007  ', N'HD06    ', 1, 102000.0000)
INSERT [dbo].[CHITIETHOADON] ([MASACH], [MAHD], [SOLUONG], [THANHTIEN]) VALUES (N'A008  ', N'HD04    ', 1, 73000.0000)
INSERT [dbo].[CHITIETHOADON] ([MASACH], [MAHD], [SOLUONG], [THANHTIEN]) VALUES (N'A010  ', N'HD02    ', 3, 453000.0000)
GO

--Cap nhat tinh trang cua 1 so hoa don
UPDATE HOADON  SET TINHTRANG = N'ĐÃ HỦY'
	WHERE MAHD IN ('HD01','HD04','HD08')
UPDATE HOADON SET TINHTRANG = N'ĐÃ MUA'
	WHERE MAHD IN ('HD02','HD03','HD05','HD06','HD07')
GO